Workbook

Sheet Claude Log
A1: Turn | B1: Date | C1: User Request | D1: Action Taken | E1: Details | F1: Outcome

Sheet Trade Log
A1: ExternalData_1: Getting Data ...

Sheet Dashboard
B2: Cumulative Results | E2: Trades 1-25 | H2: Trades 26-50 | K2: Trades 51-75 | N2: Trades 76-100
B4: # of Trades | C4: =C5+C6 -> 0 | E4: # of Trades | F4: =F5+F6 -> 0 | H4: # of Trades | I4: =I5+I6 -> 0 | K4: # of Trades | L4: =L5+L6 -> 0 | N4: # of Trades | O4: =O5+O6 -> 0
B5: # of Winners | C5: =COUNTIF('Trade Log'!P2:P101,">0") -> 0 | E5: # of Winners | F5: =COUNTIF('Trade Log'!P2:P26,">0") -> 0 | H5: # of Winners | I5: =COUNTIF('Trade Log'!P27:P51,">0") -> 0 | K5: # of Winners | L5: =COUNTIF('Trade Log'!P52:P76,">0") -> 0 | N5: # of Winners | O5: =COUNTIF('Trade Log'!P77:P101,">0") -> 0
B6: # of Losers | C6: =COUNTIF('Trade Log'!P2:P101,"<0") -> 0 | E6: # of Losers | F6: =COUNTIF('Trade Log'!P2:P26,"<0") -> 0 | H6: # of Losers | I6: =COUNTIF('Trade Log'!P27:P51,"<0") -> 0 | K6: # of Losers | L6: =COUNTIF('Trade Log'!P52:P76,"<0") -> 0 | N6: # of Losers | O6: =COUNTIF('Trade Log'!P77:P101,"<0") -> 0
B7: % Winners | C7: =IF(C5=0,"0",C5/C4) -> 0 | E7: % Winners | F7: =IF(F5=0,"0",F5/F4) -> 0 | H7: % Winners | I7: =IF(I5=0,"0",I5/I4) -> 0 | K7: % Winners | L7: =IF(L5=0,"0",L5/L4) -> 0 | N7: % Winners | O7: =IF(O5=0,"0",O5/O4) -> 0
B8: % Losers | C8: =IF(C6=0,"0",C6/C4) -> 0 | E8: % Losers | F8: =IF(F6=0,"0",F6/F4) -> 0 | H8: % Losers | I8: =IF(I6=0,"0",I6/I4) -> 0 | K8: % Losers | L8: =IF(L6=0,"0",L6/L4) -> 0 | N8: % Losers | O8: =IF(O6=0,"0",O6/O4) -> 0
B9: Avg. $ Win | C9: =IF(C5=0,"0",C15/C5) -> 0 | E9: Avg. $ Win | F9: =IF(F5=0,"0",F15/F5) -> 0 | H9: Avg. $ Win | I9: =IF(I5=0,"0",I15/I5) -> 0 | K9: Avg. $ Win | L9: =IF(L5=0,"0",L15/L5) -> 0 | N9: Avg. $ Win | O9: =IF(O5=0,"0",O15/O5) -> 0
B10: Avg. $ Loss | C10: =IF(C5=0,"0",C16/C6) -> 0 | E10: Avg. $ Loss | F10: =IF(F6=0,"0",F16/F6) -> 0 | H10: Avg. $ Loss | I10: =IF(I6=0,"0",I16/I6) -> 0 | K10: Avg. $ Loss | L10: =IF(L6=0,"0",L16/L6) -> 0 | N10: Avg. $ Loss | O10: =IF(O6=0,"0",O16/O6) -> 0
B11: R-to-R Ratio | C11: =IF(C5=0,"0",C9/-C10) -> 0 | E11: R-to-R Ratio | F11: =IF(F5=0,"0",F9/-F10) -> 0 | H11: R-to-R Ratio | I11: =IF(I5=0,"0",I9/-I10) -> 0 | K11: R-to-R Ratio | L11: =IF(L5=0,"0",L9/-L10) -> 0 | N11: R-to-R Ratio | O11: =IF(O5=0,"0",O9/-O10) -> 0
B12: Expectancy % | C12: =(C11*C7)-C8 -> 0 | E12: Expectancy % | F12: =(F11*F7)-F8 -> 0 | H12: Expectancy % | I12: =(I11*I7)-I8 -> 0 | K12: Expectancy % | L12: =(L11*L7)-L8 -> 0 | N12: Expectancy % | O12: =(O11*O7)-O8 -> 0
B13: Kelly % | C13: =IF(C12=0,"0",C7-(C8/C11)) -> 0 | E13: Kelly % | F13: =IF(F12=0,"0",F7-(F8/F11)) -> 0 | H13: Kelly % | I13: =IF(I12=0,"0",I7-(I8/I11)) -> 0 | K13: Kelly % | L13: =IF(L12=0,"0",L7-(L8/L11)) -> 0 | N13: Kelly % | O13: =IF(O12=0,"0",O7-(O8/O11)) -> 0
B15: Net Gains | C15: =SUMIF('Trade Log'!P2:P101,">0") -> 0 | E15: Net Gains | F15: =SUMIF('Trade Log'!P2:P26,">0") -> 0 | H15: Net Gains | I15: =SUMIF('Trade Log'!P27:P51,">0") -> 0 | K15: Net Gains | L15: =SUMIF('Trade Log'!P52:P76,">0") -> 0 | N15: Net Gains | O15: =SUMIF('Trade Log'!P77:P101,">0") -> 0
B16: Net Losses | C16: =SUMIF('Trade Log'!P2:P101,"<0") -> 0 | E16: Net Losses | F16: =SUMIF('Trade Log'!P2:P26,"<0") -> 0 | H16: Net Losses | I16: =SUMIF('Trade Log'!P27:P51,"<0") -> 0 | K16: Net Losses | L16: =SUMIF('Trade Log'!P52:P76,"<0") -> 0 | N16: Net Losses | O16: =SUMIF('Trade Log'!P77:P101,"<0") -> 0
B17: Net Profit/Loss | C17: =C15+C16 -> 0 | E17: Net Profit/Loss | F17: =F15+F16 -> 0 | H17: Net Profit/Loss | I17: =I15+I16 -> 0 | K17: Net Profit/Loss | L17: =L15+L16 -> 0 | N17: Net Profit/Loss | O17: =O15+O16 -> 0
B19: Contextual Info: | E19: Contextual Info: | H19: Contextual Info: | K19: Contextual Info: | N19: Contextual Info:
C20: =IF(C6=0,"",C10/#REF!*-1)
B21: Beginning Equity | C21: =IF(F21="","",F21) -> 35000 | E21: Beginning Equity | F21: 35000 | H21: Beginning Equity | K21: Beginning Equity | N21: Beginning Equity
B22: Trade Risk % | C22: N/A | E22: Trade Risk % | F22: 0.015 | H22: Trade Risk % | K22: Trade Risk % | N22: Trade Risk %
B23: Risk per Trade | C23: N/A | E23: Risk per Trade | F23: =IF(F21="","",F21*F22) -> 525 | H23: Risk per Trade | I23: =IF(I21="","",I21*I22) | K23: Risk per Trade | L23: =IF(L21="","",L21*L22) | N23: Risk per Trade | O23: =IF(O21="","",O21*O22)
B24: Loss-to-Risk Ratio | C24: =IF(I24="",F24,AVERAGE(F24,I24,L24,O24,)) | E24: Loss-to-Risk Ratio | F24: =IF(F6=0,"",F10/F23*-1) | H24: Loss-to-Risk Ratio | I24: =IF(I6=0,"",I10/I23*-1) | K24: Loss-to-Risk Ratio | L24: =IF(L6=0,"",L10/L23*-1) | N24: Loss-to-Risk Ratio | O24: =IF(O6=0,"",O10/O23*-1)
B25: Avg. Days in Winners | C25: =IF(C5=0,"",AVERAGEIF('Trade Log'!P2:P101,">0",('Trade Log'!J2:J101))) | E25: Avg. Days in Winners | F25: =IF(F5=0,"",AVERAGEIF('Trade Log'!P2:P26,">0",('Trade Log'!J2:J26))) | H25: Avg. Days in Winners | I25: =IF(I4=0,"",AVERAGEIF('Trade Log'!P26:P51,">0",('Trade Log'!J26:J51))) | K25: Avg. Days in Winners | L25: =IF(L4=0,"",AVERAGEIF('Trade Log'!P52:P76,">0",('Trade Log'!J52:J56))) | N25: Avg. Days in Winners | O25: =IF(O4=0,"",AVERAGEIF('Trade Log'!P77:P101,">0",('Trade Log'!J77:J101)))
B26: Avg. Days in Losers | C26: =IF(C6=0,"",AVERAGEIF('Trade Log'!P2:P101,"<0",('Trade Log'!J2:J101))) | E26: Avg. Days in Losers | F26: =IF(F6=0,"",AVERAGEIF('Trade Log'!P2:P26,"<0",('Trade Log'!J2:J26))) | H26: Avg. Days in Losers | I26: =IF(I6=0,"",AVERAGEIF('Trade Log'!P26:P51,"<0",('Trade Log'!J26:J51))) | K26: Avg. Days in Losers | L26: =IF(L6=0,"",AVERAGEIF('Trade Log'!P52:P76,"<0",('Trade Log'!J52:J76))) | N26: Avg. Days in Losers | O26: =IF(O6=0,"",AVERAGEIF('Trade Log'!P77:P101,"<0",('Trade Log'!J77:J101)))
B27: Days after Scale out | C27: =IF(C4=0,"",AVERAGE('Trade Log'!N2:N101)) | E27: Days after Scale out | F27: =IF(F4=0,"",AVERAGE('Trade Log'!N2:N27)) | H27: Days after Scale out | I27: =IF(I4=0,"",AVERAGE('Trade Log'!N26:N51)) | K27: Days after Scale out | L27: =IF(L4=0,"",AVERAGE('Trade Log'!N52:N76)) | N27: Days after Scale out | O27: =IF(O4=0,"",AVERAGE('Trade Log'!N77:N101))
B28: Net Return % | C28: =IF(C4=0,"",C17/C21) | E28: Net Return % | F28: =IF(F4=0,"",F17/F21) | H28: Net Return % | I28: =IF(I4=0,"",I17/I21) | K28: Net Return % | L28: =IF(L4=0,"",L17/L21) | N28: Net Return % | O28: =IF(O4=0,"",O17/O21)
B29: Beginning Date | C29: =IF('Trade Log'!D2="","",'Trade Log'!D2) | E29: Beginning Date | F29: =IF('Trade Log'!D2="","",'Trade Log'!D2) | H29: Beginning Date | I29: =IF('Trade Log'!D27="","",'Trade Log'!D27) | K29: Beginning Date | L29: =IF('Trade Log'!D52="","",'Trade Log'!D52) | N29: Beginning Date | O29: =IF('Trade Log'!D77="","",'Trade Log'!D77)
B30: End Date | C30: =IF('Trade Log'!I101="","",'Trade Log'!I101) | E30: End Date | F30: =IF('Trade Log'!I26="","",'Trade Log'!I26) | H30: End Date | I30: =IF('Trade Log'!I51="","",'Trade Log'!I51) | K30: End Date | L30: =IF('Trade Log'!I76="","",'Trade Log'!I76) | N30: End Date | O30: =IF('Trade Log'!I101="","",'Trade Log'!I101)
